path,quadrant,test,validation
data\MER_taffc_as_wav\Q1\MT0000040632.wav,Q1,0,0
data\MER_taffc_as_wav\Q1\MT0000082187.wav,Q1,0,0
data\MER_taffc_as_wav\Q1\MT0000249842.wav,Q1,0,0
data\MER_taffc_as_wav\Q1\MT0000364027.wav,Q1,0,0
data\MER_taffc_as_wav\Q1\MT0000392975.wav,Q1,0,0
data\MER_taffc_as_wav\Q1\MT0000414517.wav,Q1,0,0
data\MER_taffc_as_wav\Q1\MT0000442827.wav,Q1,0,0
data\MER_taffc_as_wav\Q1\MT0000540286.wav,Q1,0,0
data\MER_taffc_as_wav\Q1\MT0000664362.wav,Q1,0,0
data\MER_taffc_as_wav\Q1\MT0000992846.wav,Q1,0,0
data\MER_taffc_as_wav\Q1\MT0001053268.wav,Q1,1,0
data\MER_taffc_as_wav\Q1\MT0001189913.wav,Q1,1,0
data\MER_taffc_as_wav\Q1\MT0001217651.wav,Q1,0,0
data\MER_taffc_as_wav\Q1\MT0001236649.wav,Q1,0,0
data\MER_taffc_as_wav\Q1\MT0001335920.wav,Q1,0,0
data\MER_taffc_as_wav\Q1\MT0001340713.wav,Q1,0,1
data\MER_taffc_as_wav\Q1\MT0001418045.wav,Q1,0,0
data\MER_taffc_as_wav\Q1\MT0001521543.wav,Q1,0,0
data\MER_taffc_as_wav\Q1\MT0001586807.wav,Q1,0,0
data\MER_taffc_as_wav\Q1\MT0001605268.wav,Q1,0,0
data\MER_taffc_as_wav\Q1\MT0001671399.wav,Q1,0,0
data\MER_taffc_as_wav\Q1\MT0001680969.wav,Q1,0,0
data\MER_taffc_as_wav\Q1\MT0001703346.wav,Q1,0,0
data\MER_taffc_as_wav\Q1\MT0001753457.wav,Q1,0,0
data\MER_taffc_as_wav\Q1\MT0001757676.wav,Q1,0,0
data\MER_taffc_as_wav\Q1\MT0001898830.wav,Q1,1,0
data\MER_taffc_as_wav\Q1\MT0002033629.wav,Q1,0,0
data\MER_taffc_as_wav\Q1\MT0002053300.wav,Q1,1,0
data\MER_taffc_as_wav\Q1\MT0002119439.wav,Q1,0,1
data\MER_taffc_as_wav\Q1\MT0002161109.wav,Q1,0,1
data\MER_taffc_as_wav\Q1\MT0002222957.wav,Q1,0,0
data\MER_taffc_as_wav\Q1\MT0002262181.wav,Q1,0,0
data\MER_taffc_as_wav\Q1\MT0002297016.wav,Q1,0,0
data\MER_taffc_as_wav\Q1\MT0002351905.wav,Q1,1,0
data\MER_taffc_as_wav\Q1\MT0002366291.wav,Q1,0,0
data\MER_taffc_as_wav\Q1\MT0002391847.wav,Q1,0,1
data\MER_taffc_as_wav\Q1\MT0002525905.wav,Q1,0,0
data\MER_taffc_as_wav\Q1\MT0002532237.wav,Q1,0,0
data\MER_taffc_as_wav\Q1\MT0002538335.wav,Q1,1,0
data\MER_taffc_as_wav\Q1\MT0002595792.wav,Q1,0,0
data\MER_taffc_as_wav\Q1\MT0002698706.wav,Q1,1,0
data\MER_taffc_as_wav\Q1\MT0002794078.wav,Q1,0,0
data\MER_taffc_as_wav\Q1\MT0002894033.wav,Q1,0,0
data\MER_taffc_as_wav\Q1\MT0003044417.wav,Q1,1,0
data\MER_taffc_as_wav\Q1\MT0003144898.wav,Q1,0,0
data\MER_taffc_as_wav\Q1\MT0003170370.wav,Q1,0,0
data\MER_taffc_as_wav\Q1\MT0003213835.wav,Q1,0,0
data\MER_taffc_as_wav\Q1\MT0003243311.wav,Q1,1,0
data\MER_taffc_as_wav\Q1\MT0003248394.wav,Q1,1,0
data\MER_taffc_as_wav\Q1\MT0003272751.wav,Q1,0,1
data\MER_taffc_as_wav\Q1\MT0003286463.wav,Q1,0,0
data\MER_taffc_as_wav\Q1\MT0003390733.wav,Q1,0,0
data\MER_taffc_as_wav\Q1\MT0003570082.wav,Q1,0,0
data\MER_taffc_as_wav\Q1\MT0003594672.wav,Q1,0,0
data\MER_taffc_as_wav\Q1\MT0003603772.wav,Q1,0,0
data\MER_taffc_as_wav\Q1\MT0003669917.wav,Q1,0,0
data\MER_taffc_as_wav\Q1\MT0003724610.wav,Q1,0,0
data\MER_taffc_as_wav\Q1\MT0003788939.wav,Q1,0,1
data\MER_taffc_as_wav\Q1\MT0003794106.wav,Q1,0,0
data\MER_taffc_as_wav\Q1\MT0003903675.wav,Q1,0,0
data\MER_taffc_as_wav\Q1\MT0003949060.wav,Q1,0,1
data\MER_taffc_as_wav\Q1\MT0004032071.wav,Q1,0,0
data\MER_taffc_as_wav\Q1\MT0004037272.wav,Q1,0,0
data\MER_taffc_as_wav\Q1\MT0004122617.wav,Q1,0,0
data\MER_taffc_as_wav\Q1\MT0004141823.wav,Q1,0,0
data\MER_taffc_as_wav\Q1\MT0004339430.wav,Q1,0,0
data\MER_taffc_as_wav\Q1\MT0004428604.wav,Q1,0,0
data\MER_taffc_as_wav\Q1\MT0004447226.wav,Q1,1,0
data\MER_taffc_as_wav\Q1\MT0004669603.wav,Q1,1,0
data\MER_taffc_as_wav\Q1\MT0004683099.wav,Q1,0,0
data\MER_taffc_as_wav\Q1\MT0004711079.wav,Q1,1,0
data\MER_taffc_as_wav\Q1\MT0004751933.wav,Q1,0,0
data\MER_taffc_as_wav\Q1\MT0004896738.wav,Q1,0,0
data\MER_taffc_as_wav\Q1\MT0005003824.wav,Q1,0,0
data\MER_taffc_as_wav\Q1\MT0005083488.wav,Q1,0,0
data\MER_taffc_as_wav\Q1\MT0005163122.wav,Q1,0,0
data\MER_taffc_as_wav\Q1\MT0005239610.wav,Q1,1,0
data\MER_taffc_as_wav\Q1\MT0005265641.wav,Q1,0,0
data\MER_taffc_as_wav\Q1\MT0005331755.wav,Q1,0,0
data\MER_taffc_as_wav\Q1\MT0005469880.wav,Q1,0,0
data\MER_taffc_as_wav\Q1\MT0005478759.wav,Q1,0,0
data\MER_taffc_as_wav\Q1\MT0005523766.wav,Q1,0,0
data\MER_taffc_as_wav\Q1\MT0005625762.wav,Q1,0,0
data\MER_taffc_as_wav\Q1\MT0005674518.wav,Q1,0,1
data\MER_taffc_as_wav\Q1\MT0005713768.wav,Q1,0,0
data\MER_taffc_as_wav\Q1\MT0005737276.wav,Q1,1,0
data\MER_taffc_as_wav\Q1\MT0005752234.wav,Q1,1,0
data\MER_taffc_as_wav\Q1\MT0005832516.wav,Q1,0,1
data\MER_taffc_as_wav\Q1\MT0006096934.wav,Q1,1,0
data\MER_taffc_as_wav\Q1\MT0006315323.wav,Q1,0,0
data\MER_taffc_as_wav\Q1\MT0006367176.wav,Q1,0,0
data\MER_taffc_as_wav\Q1\MT0006540794.wav,Q1,0,0
data\MER_taffc_as_wav\Q1\MT0006640857.wav,Q1,0,0
data\MER_taffc_as_wav\Q1\MT0006747288.wav,Q1,0,0
data\MER_taffc_as_wav\Q1\MT0006996768.wav,Q1,1,0
data\MER_taffc_as_wav\Q1\MT0007013069.wav,Q1,0,0
data\MER_taffc_as_wav\Q1\MT0007057303.wav,Q1,0,0
data\MER_taffc_as_wav\Q1\MT0007067293.wav,Q1,0,0
data\MER_taffc_as_wav\Q1\MT0007147603.wav,Q1,0,0
data\MER_taffc_as_wav\Q1\MT0007439502.wav,Q1,0,0
data\MER_taffc_as_wav\Q1\MT0007443823.wav,Q1,0,0
data\MER_taffc_as_wav\Q1\MT0007840454.wav,Q1,0,0
data\MER_taffc_as_wav\Q1\MT0008222676.wav,Q1,0,1
data\MER_taffc_as_wav\Q1\MT0008276791.wav,Q1,0,1
data\MER_taffc_as_wav\Q1\MT0008340316.wav,Q1,1,0
data\MER_taffc_as_wav\Q1\MT0008363839.wav,Q1,0,0
data\MER_taffc_as_wav\Q1\MT0008401073.wav,Q1,0,0
data\MER_taffc_as_wav\Q1\MT0008575372.wav,Q1,0,0
data\MER_taffc_as_wav\Q1\MT0008644609.wav,Q1,0,0
data\MER_taffc_as_wav\Q1\MT0008675527.wav,Q1,0,0
data\MER_taffc_as_wav\Q1\MT0008684922.wav,Q1,1,0
data\MER_taffc_as_wav\Q1\MT0008972801.wav,Q1,0,0
data\MER_taffc_as_wav\Q1\MT0009010830.wav,Q1,0,0
data\MER_taffc_as_wav\Q1\MT0009188643.wav,Q1,0,0
data\MER_taffc_as_wav\Q1\MT0009202768.wav,Q1,0,0
data\MER_taffc_as_wav\Q1\MT0009208842.wav,Q1,0,0
data\MER_taffc_as_wav\Q1\MT0009213083.wav,Q1,0,0
data\MER_taffc_as_wav\Q1\MT0009378909.wav,Q1,0,0
data\MER_taffc_as_wav\Q1\MT0009729892.wav,Q1,0,0
data\MER_taffc_as_wav\Q1\MT0009845271.wav,Q1,0,0
data\MER_taffc_as_wav\Q1\MT0009845275.wav,Q1,1,0
data\MER_taffc_as_wav\Q1\MT0009845276.wav,Q1,0,1
data\MER_taffc_as_wav\Q1\MT0009897495.wav,Q1,0,0
data\MER_taffc_as_wav\Q1\MT0009904717.wav,Q1,1,0
data\MER_taffc_as_wav\Q1\MT0010085729.wav,Q1,0,0
data\MER_taffc_as_wav\Q1\MT0010344415.wav,Q1,0,0
data\MER_taffc_as_wav\Q1\MT0010392442.wav,Q1,0,0
data\MER_taffc_as_wav\Q1\MT0010465830.wav,Q1,1,0
data\MER_taffc_as_wav\Q1\MT0010482550.wav,Q1,1,0
data\MER_taffc_as_wav\Q1\MT0010487769.wav,Q1,0,0
data\MER_taffc_as_wav\Q1\MT0010489498.wav,Q1,0,0
data\MER_taffc_as_wav\Q1\MT0010501618.wav,Q1,1,0
data\MER_taffc_as_wav\Q1\MT0010617945.wav,Q1,1,0
data\MER_taffc_as_wav\Q1\MT0010694663.wav,Q1,0,0
data\MER_taffc_as_wav\Q1\MT0010900969.wav,Q1,0,0
data\MER_taffc_as_wav\Q1\MT0011104152.wav,Q1,0,0
data\MER_taffc_as_wav\Q1\MT0011354857.wav,Q1,0,0
data\MER_taffc_as_wav\Q1\MT0011560587.wav,Q1,1,0
data\MER_taffc_as_wav\Q1\MT0011564855.wav,Q1,0,0
data\MER_taffc_as_wav\Q1\MT0011574534.wav,Q1,0,0
data\MER_taffc_as_wav\Q1\MT0011575842.wav,Q1,1,0
data\MER_taffc_as_wav\Q1\MT0011739779.wav,Q1,1,0
data\MER_taffc_as_wav\Q1\MT0011786799.wav,Q1,0,0
data\MER_taffc_as_wav\Q1\MT0011821215.wav,Q1,0,0
data\MER_taffc_as_wav\Q1\MT0011869625.wav,Q1,0,0
data\MER_taffc_as_wav\Q1\MT0011916674.wav,Q1,0,0
data\MER_taffc_as_wav\Q1\MT0011930865.wav,Q1,1,0
data\MER_taffc_as_wav\Q1\MT0011950450.wav,Q1,0,0
data\MER_taffc_as_wav\Q1\MT0011957429.wav,Q1,0,0
data\MER_taffc_as_wav\Q1\MT0011997914.wav,Q1,0,0
data\MER_taffc_as_wav\Q1\MT0011999773.wav,Q1,0,0
data\MER_taffc_as_wav\Q1\MT0012041920.wav,Q1,0,0
data\MER_taffc_as_wav\Q1\MT0012202513.wav,Q1,0,0
data\MER_taffc_as_wav\Q1\MT0012331779.wav,Q1,0,0
data\MER_taffc_as_wav\Q1\MT0012396528.wav,Q1,1,0
data\MER_taffc_as_wav\Q1\MT0012534566.wav,Q1,0,0
data\MER_taffc_as_wav\Q1\MT0012601428.wav,Q1,1,0
data\MER_taffc_as_wav\Q1\MT0012742379.wav,Q1,0,0
data\MER_taffc_as_wav\Q1\MT0012798988.wav,Q1,0,0
data\MER_taffc_as_wav\Q1\MT0012846850.wav,Q1,0,0
data\MER_taffc_as_wav\Q1\MT0013101577.wav,Q1,0,1
data\MER_taffc_as_wav\Q1\MT0013235939.wav,Q1,0,0
data\MER_taffc_as_wav\Q1\MT0013350034.wav,Q1,0,0
data\MER_taffc_as_wav\Q1\MT0013389935.wav,Q1,1,0
data\MER_taffc_as_wav\Q1\MT0013590244.wav,Q1,0,0
data\MER_taffc_as_wav\Q1\MT0013621344.wav,Q1,0,1
data\MER_taffc_as_wav\Q1\MT0013633209.wav,Q1,0,0
data\MER_taffc_as_wav\Q1\MT0013800071.wav,Q1,0,0
data\MER_taffc_as_wav\Q1\MT0013914319.wav,Q1,0,0
data\MER_taffc_as_wav\Q1\MT0014576739.wav,Q1,0,0
data\MER_taffc_as_wav\Q1\MT0014586720.wav,Q1,0,0
data\MER_taffc_as_wav\Q1\MT0014650360.wav,Q1,1,0
data\MER_taffc_as_wav\Q1\MT0015005100.wav,Q1,1,0
data\MER_taffc_as_wav\Q1\MT0015028144.wav,Q1,0,0
data\MER_taffc_as_wav\Q1\MT0015680193.wav,Q1,0,1
data\MER_taffc_as_wav\Q1\MT0015742096.wav,Q1,1,0
data\MER_taffc_as_wav\Q1\MT0015934550.wav,Q1,0,0
data\MER_taffc_as_wav\Q1\MT0016972827.wav,Q1,0,0
data\MER_taffc_as_wav\Q1\MT0017797643.wav,Q1,0,0
data\MER_taffc_as_wav\Q1\MT0018024152.wav,Q1,1,0
data\MER_taffc_as_wav\Q1\MT0018029465.wav,Q1,0,1
data\MER_taffc_as_wav\Q1\MT0018031959.wav,Q1,1,0
data\MER_taffc_as_wav\Q1\MT0018450519.wav,Q1,0,0
data\MER_taffc_as_wav\Q1\MT0018617125.wav,Q1,0,0
data\MER_taffc_as_wav\Q1\MT0018651126.wav,Q1,0,0
data\MER_taffc_as_wav\Q1\MT0026158301.wav,Q1,1,0
data\MER_taffc_as_wav\Q1\MT0026727455.wav,Q1,0,0
data\MER_taffc_as_wav\Q1\MT0026753600.wav,Q1,0,0
data\MER_taffc_as_wav\Q1\MT0026753827.wav,Q1,0,0
data\MER_taffc_as_wav\Q1\MT0026795261.wav,Q1,0,0
data\MER_taffc_as_wav\Q1\MT0027002641.wav,Q1,1,0
data\MER_taffc_as_wav\Q1\MT0027035970.wav,Q1,0,1
data\MER_taffc_as_wav\Q1\MT0027048677.wav,Q1,0,0
data\MER_taffc_as_wav\Q1\MT0027159893.wav,Q1,0,0
data\MER_taffc_as_wav\Q1\MT0027478016.wav,Q1,1,0
data\MER_taffc_as_wav\Q1\MT0028220133.wav,Q1,1,0
data\MER_taffc_as_wav\Q1\MT0028445777.wav,Q1,0,0
data\MER_taffc_as_wav\Q1\MT0028495262.wav,Q1,0,0
data\MER_taffc_as_wav\Q1\MT0028617657.wav,Q1,1,0
data\MER_taffc_as_wav\Q1\MT0028627699.wav,Q1,0,0
data\MER_taffc_as_wav\Q1\MT0028648077.wav,Q1,0,0
data\MER_taffc_as_wav\Q1\MT0029065626.wav,Q1,0,0
data\MER_taffc_as_wav\Q1\MT0029492542.wav,Q1,0,0
data\MER_taffc_as_wav\Q1\MT0029874624.wav,Q1,0,0
data\MER_taffc_as_wav\Q1\MT0030484925.wav,Q1,0,0
data\MER_taffc_as_wav\Q1\MT0030487841.wav,Q1,0,0
data\MER_taffc_as_wav\Q1\MT0031544440.wav,Q1,0,0
data\MER_taffc_as_wav\Q1\MT0031922089.wav,Q1,1,0
data\MER_taffc_as_wav\Q1\MT0031996897.wav,Q1,0,0
data\MER_taffc_as_wav\Q1\MT0032061241.wav,Q1,0,0
data\MER_taffc_as_wav\Q1\MT0032181833.wav,Q1,0,0
data\MER_taffc_as_wav\Q1\MT0032235381.wav,Q1,0,0
data\MER_taffc_as_wav\Q1\MT0032332758.wav,Q1,0,0
data\MER_taffc_as_wav\Q1\MT0032405040.wav,Q1,0,0
data\MER_taffc_as_wav\Q1\MT0032892262.wav,Q1,0,0
data\MER_taffc_as_wav\Q1\MT0033397838.wav,Q1,0,0
data\MER_taffc_as_wav\Q1\MT0033415296.wav,Q1,0,0
data\MER_taffc_as_wav\Q1\MT0033443279.wav,Q1,0,0
data\MER_taffc_as_wav\Q1\MT0033841575.wav,Q1,0,0
data\MER_taffc_as_wav\Q1\MT0033940994.wav,Q1,0,0
data\MER_taffc_as_wav\Q1\MT0033958450.wav,Q1,1,0
data\MER_taffc_as_wav\Q1\MT0034125967.wav,Q1,0,0
data\MER_taffc_as_wav\Q1\MT0034555338.wav,Q1,0,1
data\MER_taffc_as_wav\Q1\MT0034988131.wav,Q1,0,0
data\MER_taffc_as_wav\Q1\MT0036368550.wav,Q1,0,0
data\MER_taffc_as_wav\Q2\MT0000011357.wav,Q2,0,0
data\MER_taffc_as_wav\Q2\MT0000011975.wav,Q2,0,0
data\MER_taffc_as_wav\Q2\MT0000133200.wav,Q2,0,0
data\MER_taffc_as_wav\Q2\MT0000216849.wav,Q2,0,1
data\MER_taffc_as_wav\Q2\MT0000377411.wav,Q2,0,0
data\MER_taffc_as_wav\Q2\MT0000441552.wav,Q2,0,0
data\MER_taffc_as_wav\Q2\MT0000456939.wav,Q2,1,0
data\MER_taffc_as_wav\Q2\MT0000729701.wav,Q2,0,0
data\MER_taffc_as_wav\Q2\MT0000732821.wav,Q2,0,0
data\MER_taffc_as_wav\Q2\MT0000956340.wav,Q2,0,0
data\MER_taffc_as_wav\Q2\MT0000971834.wav,Q2,1,0
data\MER_taffc_as_wav\Q2\MT0001333258.wav,Q2,0,0
data\MER_taffc_as_wav\Q2\MT0001376988.wav,Q2,1,0
data\MER_taffc_as_wav\Q2\MT0001419145.wav,Q2,0,1
data\MER_taffc_as_wav\Q2\MT0001583214.wav,Q2,0,1
data\MER_taffc_as_wav\Q2\MT0001613887.wav,Q2,0,0
data\MER_taffc_as_wav\Q2\MT0001615005.wav,Q2,1,0
data\MER_taffc_as_wav\Q2\MT0001766004.wav,Q2,0,0
data\MER_taffc_as_wav\Q2\MT0001891229.wav,Q2,0,0
data\MER_taffc_as_wav\Q2\MT0001927746.wav,Q2,0,0
data\MER_taffc_as_wav\Q2\MT0001938929.wav,Q2,0,0
data\MER_taffc_as_wav\Q2\MT0001962373.wav,Q2,0,0
data\MER_taffc_as_wav\Q2\MT0001975228.wav,Q2,0,0
data\MER_taffc_as_wav\Q2\MT0001993588.wav,Q2,0,0
data\MER_taffc_as_wav\Q2\MT0002050671.wav,Q2,1,0
data\MER_taffc_as_wav\Q2\MT0002372242.wav,Q2,0,0
data\MER_taffc_as_wav\Q2\MT0002385077.wav,Q2,0,0
data\MER_taffc_as_wav\Q2\MT0002399275.wav,Q2,0,0
data\MER_taffc_as_wav\Q2\MT0002415184.wav,Q2,1,0
data\MER_taffc_as_wav\Q2\MT0002479795.wav,Q2,1,0
data\MER_taffc_as_wav\Q2\MT0002602057.wav,Q2,0,0
data\MER_taffc_as_wav\Q2\MT0002960683.wav,Q2,1,0
data\MER_taffc_as_wav\Q2\MT0003019852.wav,Q2,0,0
data\MER_taffc_as_wav\Q2\MT0003106472.wav,Q2,0,0
data\MER_taffc_as_wav\Q2\MT0003136077.wav,Q2,0,0
data\MER_taffc_as_wav\Q2\MT0003209662.wav,Q2,0,1
data\MER_taffc_as_wav\Q2\MT0003262589.wav,Q2,0,0
data\MER_taffc_as_wav\Q2\MT0003311798.wav,Q2,0,0
data\MER_taffc_as_wav\Q2\MT0003326925.wav,Q2,0,0
data\MER_taffc_as_wav\Q2\MT0003349423.wav,Q2,0,0
data\MER_taffc_as_wav\Q2\MT0003442366.wav,Q2,0,0
data\MER_taffc_as_wav\Q2\MT0003462877.wav,Q2,0,0
data\MER_taffc_as_wav\Q2\MT0003546058.wav,Q2,0,0
data\MER_taffc_as_wav\Q2\MT0003639120.wav,Q2,1,0
data\MER_taffc_as_wav\Q2\MT0003782002.wav,Q2,0,0
data\MER_taffc_as_wav\Q2\MT0003787478.wav,Q2,1,0
data\MER_taffc_as_wav\Q2\MT0003807077.wav,Q2,0,0
data\MER_taffc_as_wav\Q2\MT0003900455.wav,Q2,0,0
data\MER_taffc_as_wav\Q2\MT0003968586.wav,Q2,0,0
data\MER_taffc_as_wav\Q2\MT0004027946.wav,Q2,0,0
data\MER_taffc_as_wav\Q2\MT0004028719.wav,Q2,0,0
data\MER_taffc_as_wav\Q2\MT0004068560.wav,Q2,0,0
data\MER_taffc_as_wav\Q2\MT0004085907.wav,Q2,1,0
data\MER_taffc_as_wav\Q2\MT0004293364.wav,Q2,0,0
data\MER_taffc_as_wav\Q2\MT0004316859.wav,Q2,1,0
data\MER_taffc_as_wav\Q2\MT0004447086.wav,Q2,0,0
data\MER_taffc_as_wav\Q2\MT0004459450.wav,Q2,0,0
data\MER_taffc_as_wav\Q2\MT0004511265.wav,Q2,0,0
data\MER_taffc_as_wav\Q2\MT0004558461.wav,Q2,1,0
data\MER_taffc_as_wav\Q2\MT0004645468.wav,Q2,0,0
data\MER_taffc_as_wav\Q2\MT0004715422.wav,Q2,0,0
data\MER_taffc_as_wav\Q2\MT0004759588.wav,Q2,0,1
data\MER_taffc_as_wav\Q2\MT0004807446.wav,Q2,1,0
data\MER_taffc_as_wav\Q2\MT0004867185.wav,Q2,0,0
data\MER_taffc_as_wav\Q2\MT0004882280.wav,Q2,0,0
data\MER_taffc_as_wav\Q2\MT0004942017.wav,Q2,0,0
data\MER_taffc_as_wav\Q2\MT0004956006.wav,Q2,0,1
data\MER_taffc_as_wav\Q2\MT0004958762.wav,Q2,0,0
data\MER_taffc_as_wav\Q2\MT0005026798.wav,Q2,0,0
data\MER_taffc_as_wav\Q2\MT0005029328.wav,Q2,0,0
data\MER_taffc_as_wav\Q2\MT0005039941.wav,Q2,1,0
data\MER_taffc_as_wav\Q2\MT0005202791.wav,Q2,0,0
data\MER_taffc_as_wav\Q2\MT0005213723.wav,Q2,1,0
data\MER_taffc_as_wav\Q2\MT0005387539.wav,Q2,0,0
data\MER_taffc_as_wav\Q2\MT0005409948.wav,Q2,0,0
data\MER_taffc_as_wav\Q2\MT0005515169.wav,Q2,0,0
data\MER_taffc_as_wav\Q2\MT0005550288.wav,Q2,1,0
data\MER_taffc_as_wav\Q2\MT0005595173.wav,Q2,0,0
data\MER_taffc_as_wav\Q2\MT0005606947.wav,Q2,1,0
data\MER_taffc_as_wav\Q2\MT0005673020.wav,Q2,1,0
data\MER_taffc_as_wav\Q2\MT0005751512.wav,Q2,0,0
data\MER_taffc_as_wav\Q2\MT0005897799.wav,Q2,0,0
data\MER_taffc_as_wav\Q2\MT0005951020.wav,Q2,0,0
data\MER_taffc_as_wav\Q2\MT0006001707.wav,Q2,0,0
data\MER_taffc_as_wav\Q2\MT0006292011.wav,Q2,0,0
data\MER_taffc_as_wav\Q2\MT0006484633.wav,Q2,0,0
data\MER_taffc_as_wav\Q2\MT0006510599.wav,Q2,0,1
data\MER_taffc_as_wav\Q2\MT0006520567.wav,Q2,0,0
data\MER_taffc_as_wav\Q2\MT0006552038.wav,Q2,0,0
data\MER_taffc_as_wav\Q2\MT0006553914.wav,Q2,0,0
data\MER_taffc_as_wav\Q2\MT0006564487.wav,Q2,0,0
data\MER_taffc_as_wav\Q2\MT0006640142.wav,Q2,1,0
data\MER_taffc_as_wav\Q2\MT0006742179.wav,Q2,1,0
data\MER_taffc_as_wav\Q2\MT0006746691.wav,Q2,0,0
data\MER_taffc_as_wav\Q2\MT0006764092.wav,Q2,0,0
data\MER_taffc_as_wav\Q2\MT0006798861.wav,Q2,0,0
data\MER_taffc_as_wav\Q2\MT0006806145.wav,Q2,0,0
data\MER_taffc_as_wav\Q2\MT0006810990.wav,Q2,0,0
data\MER_taffc_as_wav\Q2\MT0006862088.wav,Q2,1,0
data\MER_taffc_as_wav\Q2\MT0006903607.wav,Q2,0,0
data\MER_taffc_as_wav\Q2\MT0006919878.wav,Q2,0,0
data\MER_taffc_as_wav\Q2\MT0006939177.wav,Q2,1,0
data\MER_taffc_as_wav\Q2\MT0007043504.wav,Q2,0,1
data\MER_taffc_as_wav\Q2\MT0007379559.wav,Q2,0,0
data\MER_taffc_as_wav\Q2\MT0007379700.wav,Q2,1,0
data\MER_taffc_as_wav\Q2\MT0007413949.wav,Q2,0,0
data\MER_taffc_as_wav\Q2\MT0007535042.wav,Q2,0,0
data\MER_taffc_as_wav\Q2\MT0007627521.wav,Q2,0,1
data\MER_taffc_as_wav\Q2\MT0007659703.wav,Q2,0,0
data\MER_taffc_as_wav\Q2\MT0007697753.wav,Q2,1,0
data\MER_taffc_as_wav\Q2\MT0007799677.wav,Q2,1,0
data\MER_taffc_as_wav\Q2\MT0007812490.wav,Q2,0,0
data\MER_taffc_as_wav\Q2\MT0007926918.wav,Q2,0,0
data\MER_taffc_as_wav\Q2\MT0008084656.wav,Q2,0,0
data\MER_taffc_as_wav\Q2\MT0008137868.wav,Q2,1,0
data\MER_taffc_as_wav\Q2\MT0008208983.wav,Q2,1,0
data\MER_taffc_as_wav\Q2\MT0008346862.wav,Q2,0,1
data\MER_taffc_as_wav\Q2\MT0008361425.wav,Q2,0,1
data\MER_taffc_as_wav\Q2\MT0008451831.wav,Q2,0,0
data\MER_taffc_as_wav\Q2\MT0008455201.wav,Q2,1,0
data\MER_taffc_as_wav\Q2\MT0008511909.wav,Q2,0,0
data\MER_taffc_as_wav\Q2\MT0008530072.wav,Q2,0,0
data\MER_taffc_as_wav\Q2\MT0008570712.wav,Q2,0,0
data\MER_taffc_as_wav\Q2\MT0008596275.wav,Q2,0,0
data\MER_taffc_as_wav\Q2\MT0008733057.wav,Q2,0,0
data\MER_taffc_as_wav\Q2\MT0008807220.wav,Q2,0,0
data\MER_taffc_as_wav\Q2\MT0009016829.wav,Q2,0,0
data\MER_taffc_as_wav\Q2\MT0009041370.wav,Q2,0,0
data\MER_taffc_as_wav\Q2\MT0009117202.wav,Q2,0,0
data\MER_taffc_as_wav\Q2\MT0009217411.wav,Q2,0,0
data\MER_taffc_as_wav\Q2\MT0009253118.wav,Q2,0,0
data\MER_taffc_as_wav\Q2\MT0009293226.wav,Q2,1,0
data\MER_taffc_as_wav\Q2\MT0009346128.wav,Q2,0,0
data\MER_taffc_as_wav\Q2\MT0009348908.wav,Q2,0,0
data\MER_taffc_as_wav\Q2\MT0009421924.wav,Q2,0,0
data\MER_taffc_as_wav\Q2\MT0009601423.wav,Q2,0,0
data\MER_taffc_as_wav\Q2\MT0009800907.wav,Q2,0,0
data\MER_taffc_as_wav\Q2\MT0009872131.wav,Q2,0,1
data\MER_taffc_as_wav\Q2\MT0009908994.wav,Q2,0,0
data\MER_taffc_as_wav\Q2\MT0010310896.wav,Q2,1,0
data\MER_taffc_as_wav\Q2\MT0010415730.wav,Q2,1,0
data\MER_taffc_as_wav\Q2\MT0010463505.wav,Q2,1,0
data\MER_taffc_as_wav\Q2\MT0010490157.wav,Q2,0,0
data\MER_taffc_as_wav\Q2\MT0010615428.wav,Q2,1,0
data\MER_taffc_as_wav\Q2\MT0010624346.wav,Q2,0,0
data\MER_taffc_as_wav\Q2\MT0010736208.wav,Q2,0,0
data\MER_taffc_as_wav\Q2\MT0010897525.wav,Q2,0,0
data\MER_taffc_as_wav\Q2\MT0010983830.wav,Q2,0,0
data\MER_taffc_as_wav\Q2\MT0011145388.wav,Q2,0,0
data\MER_taffc_as_wav\Q2\MT0011259078.wav,Q2,0,0
data\MER_taffc_as_wav\Q2\MT0011322528.wav,Q2,1,0
data\MER_taffc_as_wav\Q2\MT0011348776.wav,Q2,0,0
data\MER_taffc_as_wav\Q2\MT0011369407.wav,Q2,0,0
data\MER_taffc_as_wav\Q2\MT0011413068.wav,Q2,1,0
data\MER_taffc_as_wav\Q2\MT0011458668.wav,Q2,0,0
data\MER_taffc_as_wav\Q2\MT0011489804.wav,Q2,0,0
data\MER_taffc_as_wav\Q2\MT0011697297.wav,Q2,0,0
data\MER_taffc_as_wav\Q2\MT0011959819.wav,Q2,0,0
data\MER_taffc_as_wav\Q2\MT0011960348.wav,Q2,0,0
data\MER_taffc_as_wav\Q2\MT0011975274.wav,Q2,0,0
data\MER_taffc_as_wav\Q2\MT0012001409.wav,Q2,0,0
data\MER_taffc_as_wav\Q2\MT0012008752.wav,Q2,0,0
data\MER_taffc_as_wav\Q2\MT0012116237.wav,Q2,1,0
data\MER_taffc_as_wav\Q2\MT0012124855.wav,Q2,1,0
data\MER_taffc_as_wav\Q2\MT0012168286.wav,Q2,0,0
data\MER_taffc_as_wav\Q2\MT0012658636.wav,Q2,0,0
data\MER_taffc_as_wav\Q2\MT0012855159.wav,Q2,0,0
data\MER_taffc_as_wav\Q2\MT0012865192.wav,Q2,0,0
data\MER_taffc_as_wav\Q2\MT0012914763.wav,Q2,0,0
data\MER_taffc_as_wav\Q2\MT0013313448.wav,Q2,0,0
data\MER_taffc_as_wav\Q2\MT0013418800.wav,Q2,0,1
data\MER_taffc_as_wav\Q2\MT0013612461.wav,Q2,0,1
data\MER_taffc_as_wav\Q2\MT0013790748.wav,Q2,0,0
data\MER_taffc_as_wav\Q2\MT0013822237.wav,Q2,1,0
data\MER_taffc_as_wav\Q2\MT0013824918.wav,Q2,0,0
data\MER_taffc_as_wav\Q2\MT0013885218.wav,Q2,0,0
data\MER_taffc_as_wav\Q2\MT0014157389.wav,Q2,0,0
data\MER_taffc_as_wav\Q2\MT0014615863.wav,Q2,0,0
data\MER_taffc_as_wav\Q2\MT0014703649.wav,Q2,0,0
data\MER_taffc_as_wav\Q2\MT0014817509.wav,Q2,0,0
data\MER_taffc_as_wav\Q2\MT0014838459.wav,Q2,0,0
data\MER_taffc_as_wav\Q2\MT0014845647.wav,Q2,0,0
data\MER_taffc_as_wav\Q2\MT0014878397.wav,Q2,0,0
data\MER_taffc_as_wav\Q2\MT0014997916.wav,Q2,0,0
data\MER_taffc_as_wav\Q2\MT0015541501.wav,Q2,1,0
data\MER_taffc_as_wav\Q2\MT0015962332.wav,Q2,0,0
data\MER_taffc_as_wav\Q2\MT0015971175.wav,Q2,0,0
data\MER_taffc_as_wav\Q2\MT0016743722.wav,Q2,0,0
data\MER_taffc_as_wav\Q2\MT0017475710.wav,Q2,0,1
data\MER_taffc_as_wav\Q2\MT0026520343.wav,Q2,0,1
data\MER_taffc_as_wav\Q2\MT0026898936.wav,Q2,0,1
data\MER_taffc_as_wav\Q2\MT0026963572.wav,Q2,1,0
data\MER_taffc_as_wav\Q2\MT0027256574.wav,Q2,0,0
data\MER_taffc_as_wav\Q2\MT0028159092.wav,Q2,0,0
data\MER_taffc_as_wav\Q2\MT0028167155.wav,Q2,0,0
data\MER_taffc_as_wav\Q2\MT0028172888.wav,Q2,0,0
data\MER_taffc_as_wav\Q2\MT0028213435.wav,Q2,0,0
data\MER_taffc_as_wav\Q2\MT0028345470.wav,Q2,0,0
data\MER_taffc_as_wav\Q2\MT0028469910.wav,Q2,0,0
data\MER_taffc_as_wav\Q2\MT0028560561.wav,Q2,0,0
data\MER_taffc_as_wav\Q2\MT0028633715.wav,Q2,0,0
data\MER_taffc_as_wav\Q2\MT0028750297.wav,Q2,1,0
data\MER_taffc_as_wav\Q2\MT0029099688.wav,Q2,0,0
data\MER_taffc_as_wav\Q2\MT0029772184.wav,Q2,0,0
data\MER_taffc_as_wav\Q2\MT0030124886.wav,Q2,0,0
data\MER_taffc_as_wav\Q2\MT0030160582.wav,Q2,0,0
data\MER_taffc_as_wav\Q2\MT0030203729.wav,Q2,0,0
data\MER_taffc_as_wav\Q2\MT0030214520.wav,Q2,0,1
data\MER_taffc_as_wav\Q2\MT0030271679.wav,Q2,0,0
data\MER_taffc_as_wav\Q2\MT0031926476.wav,Q2,0,0
data\MER_taffc_as_wav\Q2\MT0032297238.wav,Q2,0,0
data\MER_taffc_as_wav\Q2\MT0032957418.wav,Q2,1,0
data\MER_taffc_as_wav\Q2\MT0033084992.wav,Q2,0,0
data\MER_taffc_as_wav\Q2\MT0033097471.wav,Q2,0,0
data\MER_taffc_as_wav\Q2\MT0033287096.wav,Q2,0,0
data\MER_taffc_as_wav\Q2\MT0033287114.wav,Q2,0,0
data\MER_taffc_as_wav\Q2\MT0034013916.wav,Q2,1,0
data\MER_taffc_as_wav\Q2\MT0034403951.wav,Q2,0,0
data\MER_taffc_as_wav\Q2\MT0034694413.wav,Q2,0,0
data\MER_taffc_as_wav\Q2\MT0034816599.wav,Q2,0,0
data\MER_taffc_as_wav\Q2\MT0034991842.wav,Q2,0,0
data\MER_taffc_as_wav\Q2\MT0035241621.wav,Q2,0,0
data\MER_taffc_as_wav\Q2\MT0035332835.wav,Q2,0,0
data\MER_taffc_as_wav\Q2\MT0035334027.wav,Q2,0,0
data\MER_taffc_as_wav\Q2\MT0036111736.wav,Q2,1,0
data\MER_taffc_as_wav\Q3\MT0000004637.wav,Q3,0,1
data\MER_taffc_as_wav\Q3\MT0000044741.wav,Q3,0,0
data\MER_taffc_as_wav\Q3\MT0000088320.wav,Q3,0,0
data\MER_taffc_as_wav\Q3\MT0000203272.wav,Q3,1,0
data\MER_taffc_as_wav\Q3\MT0000255724.wav,Q3,0,0
data\MER_taffc_as_wav\Q3\MT0000299291.wav,Q3,1,0
data\MER_taffc_as_wav\Q3\MT0000300896.wav,Q3,0,1
data\MER_taffc_as_wav\Q3\MT0000315392.wav,Q3,0,0
data\MER_taffc_as_wav\Q3\MT0000379144.wav,Q3,0,0
data\MER_taffc_as_wav\Q3\MT0000426771.wav,Q3,0,0
data\MER_taffc_as_wav\Q3\MT0000446304.wav,Q3,0,0
data\MER_taffc_as_wav\Q3\MT0000523076.wav,Q3,0,1
data\MER_taffc_as_wav\Q3\MT0000534539.wav,Q3,0,0
data\MER_taffc_as_wav\Q3\MT0000661250.wav,Q3,0,0
data\MER_taffc_as_wav\Q3\MT0000742898.wav,Q3,0,0
data\MER_taffc_as_wav\Q3\MT0000764951.wav,Q3,0,0
data\MER_taffc_as_wav\Q3\MT0000796526.wav,Q3,0,0
data\MER_taffc_as_wav\Q3\MT0000941301.wav,Q3,0,0
data\MER_taffc_as_wav\Q3\MT0000949813.wav,Q3,0,0
data\MER_taffc_as_wav\Q3\MT0001052263.wav,Q3,0,0
data\MER_taffc_as_wav\Q3\MT0001193971.wav,Q3,0,0
data\MER_taffc_as_wav\Q3\MT0001284801.wav,Q3,1,0
data\MER_taffc_as_wav\Q3\MT0001472536.wav,Q3,0,0
data\MER_taffc_as_wav\Q3\MT0001515531.wav,Q3,0,0
data\MER_taffc_as_wav\Q3\MT0001523435.wav,Q3,0,0
data\MER_taffc_as_wav\Q3\MT0001526386.wav,Q3,0,0
data\MER_taffc_as_wav\Q3\MT0001533920.wav,Q3,0,0
data\MER_taffc_as_wav\Q3\MT0001542676.wav,Q3,0,1
data\MER_taffc_as_wav\Q3\MT0001673884.wav,Q3,0,0
data\MER_taffc_as_wav\Q3\MT0001810607.wav,Q3,1,0
data\MER_taffc_as_wav\Q3\MT0001844620.wav,Q3,0,0
data\MER_taffc_as_wav\Q3\MT0001871732.wav,Q3,0,0
data\MER_taffc_as_wav\Q3\MT0001920501.wav,Q3,0,0
data\MER_taffc_as_wav\Q3\MT0001929641.wav,Q3,0,0
data\MER_taffc_as_wav\Q3\MT0001934726.wav,Q3,0,0
data\MER_taffc_as_wav\Q3\MT0001967374.wav,Q3,0,0
data\MER_taffc_as_wav\Q3\MT0001972380.wav,Q3,0,0
data\MER_taffc_as_wav\Q3\MT0001982863.wav,Q3,0,0
data\MER_taffc_as_wav\Q3\MT0002006203.wav,Q3,0,0
data\MER_taffc_as_wav\Q3\MT0002057142.wav,Q3,0,0
data\MER_taffc_as_wav\Q3\MT0002070112.wav,Q3,1,0
data\MER_taffc_as_wav\Q3\MT0002086401.wav,Q3,0,1
data\MER_taffc_as_wav\Q3\MT0002087541.wav,Q3,0,0
data\MER_taffc_as_wav\Q3\MT0002126934.wav,Q3,0,0
data\MER_taffc_as_wav\Q3\MT0002142155.wav,Q3,1,0
data\MER_taffc_as_wav\Q3\MT0002233402.wav,Q3,0,0
data\MER_taffc_as_wav\Q3\MT0002379222.wav,Q3,0,0
data\MER_taffc_as_wav\Q3\MT0002485672.wav,Q3,1,0
data\MER_taffc_as_wav\Q3\MT0002536460.wav,Q3,1,0
data\MER_taffc_as_wav\Q3\MT0002634024.wav,Q3,0,0
data\MER_taffc_as_wav\Q3\MT0002760912.wav,Q3,0,0
data\MER_taffc_as_wav\Q3\MT0002915967.wav,Q3,0,0
data\MER_taffc_as_wav\Q3\MT0002986568.wav,Q3,0,0
data\MER_taffc_as_wav\Q3\MT0003037596.wav,Q3,0,0
data\MER_taffc_as_wav\Q3\MT0003037754.wav,Q3,0,0
data\MER_taffc_as_wav\Q3\MT0003053135.wav,Q3,0,0
data\MER_taffc_as_wav\Q3\MT0003101727.wav,Q3,0,0
data\MER_taffc_as_wav\Q3\MT0003114552.wav,Q3,0,0
data\MER_taffc_as_wav\Q3\MT0003129858.wav,Q3,0,0
data\MER_taffc_as_wav\Q3\MT0003300388.wav,Q3,0,0
data\MER_taffc_as_wav\Q3\MT0003352308.wav,Q3,0,0
data\MER_taffc_as_wav\Q3\MT0003362542.wav,Q3,0,0
data\MER_taffc_as_wav\Q3\MT0003396470.wav,Q3,0,0
data\MER_taffc_as_wav\Q3\MT0003402538.wav,Q3,0,0
data\MER_taffc_as_wav\Q3\MT0003420996.wav,Q3,0,0
data\MER_taffc_as_wav\Q3\MT0003435704.wav,Q3,0,0
data\MER_taffc_as_wav\Q3\MT0003501434.wav,Q3,0,0
data\MER_taffc_as_wav\Q3\MT0003530174.wav,Q3,0,0
data\MER_taffc_as_wav\Q3\MT0003542756.wav,Q3,0,0
data\MER_taffc_as_wav\Q3\MT0003601752.wav,Q3,0,0
data\MER_taffc_as_wav\Q3\MT0003863509.wav,Q3,0,0
data\MER_taffc_as_wav\Q3\MT0003930610.wav,Q3,0,0
data\MER_taffc_as_wav\Q3\MT0003935485.wav,Q3,0,0
data\MER_taffc_as_wav\Q3\MT0004082588.wav,Q3,0,0
data\MER_taffc_as_wav\Q3\MT0004131058.wav,Q3,0,1
data\MER_taffc_as_wav\Q3\MT0004232099.wav,Q3,0,0
data\MER_taffc_as_wav\Q3\MT0004263956.wav,Q3,1,0
data\MER_taffc_as_wav\Q3\MT0004287283.wav,Q3,0,0
data\MER_taffc_as_wav\Q3\MT0004290389.wav,Q3,1,0
data\MER_taffc_as_wav\Q3\MT0004342301.wav,Q3,0,0
data\MER_taffc_as_wav\Q3\MT0004609722.wav,Q3,1,0
data\MER_taffc_as_wav\Q3\MT0004693207.wav,Q3,0,0
data\MER_taffc_as_wav\Q3\MT0004817670.wav,Q3,0,0
data\MER_taffc_as_wav\Q3\MT0004840819.wav,Q3,0,0
data\MER_taffc_as_wav\Q3\MT0004842694.wav,Q3,1,0
data\MER_taffc_as_wav\Q3\MT0004922692.wav,Q3,1,0
data\MER_taffc_as_wav\Q3\MT0004978135.wav,Q3,0,1
data\MER_taffc_as_wav\Q3\MT0004988249.wav,Q3,0,0
data\MER_taffc_as_wav\Q3\MT0005001966.wav,Q3,0,0
data\MER_taffc_as_wav\Q3\MT0005115042.wav,Q3,0,0
data\MER_taffc_as_wav\Q3\MT0005155949.wav,Q3,0,0
data\MER_taffc_as_wav\Q3\MT0005157391.wav,Q3,0,0
data\MER_taffc_as_wav\Q3\MT0005171805.wav,Q3,0,0
data\MER_taffc_as_wav\Q3\MT0005217073.wav,Q3,0,0
data\MER_taffc_as_wav\Q3\MT0005221680.wav,Q3,0,0
data\MER_taffc_as_wav\Q3\MT0005253065.wav,Q3,0,1
data\MER_taffc_as_wav\Q3\MT0005262725.wav,Q3,1,0
data\MER_taffc_as_wav\Q3\MT0005270263.wav,Q3,0,0
data\MER_taffc_as_wav\Q3\MT0005520274.wav,Q3,1,0
data\MER_taffc_as_wav\Q3\MT0005963165.wav,Q3,1,0
data\MER_taffc_as_wav\Q3\MT0005981667.wav,Q3,1,0
data\MER_taffc_as_wav\Q3\MT0006159067.wav,Q3,0,1
data\MER_taffc_as_wav\Q3\MT0006171393.wav,Q3,0,0
data\MER_taffc_as_wav\Q3\MT0006397809.wav,Q3,1,0
data\MER_taffc_as_wav\Q3\MT0006400514.wav,Q3,0,0
data\MER_taffc_as_wav\Q3\MT0006410285.wav,Q3,0,0
data\MER_taffc_as_wav\Q3\MT0006555035.wav,Q3,0,0
data\MER_taffc_as_wav\Q3\MT0006672286.wav,Q3,0,0
data\MER_taffc_as_wav\Q3\MT0006919273.wav,Q3,1,0
data\MER_taffc_as_wav\Q3\MT0007043936.wav,Q3,0,0
data\MER_taffc_as_wav\Q3\MT0007099407.wav,Q3,0,0
data\MER_taffc_as_wav\Q3\MT0007265208.wav,Q3,0,0
data\MER_taffc_as_wav\Q3\MT0007338724.wav,Q3,0,0
data\MER_taffc_as_wav\Q3\MT0007349999.wav,Q3,0,0
data\MER_taffc_as_wav\Q3\MT0007372035.wav,Q3,0,0
data\MER_taffc_as_wav\Q3\MT0007410187.wav,Q3,0,0
data\MER_taffc_as_wav\Q3\MT0007438571.wav,Q3,0,0
data\MER_taffc_as_wav\Q3\MT0007477802.wav,Q3,0,0
data\MER_taffc_as_wav\Q3\MT0007497706.wav,Q3,0,0
data\MER_taffc_as_wav\Q3\MT0007550652.wav,Q3,0,0
data\MER_taffc_as_wav\Q3\MT0007583962.wav,Q3,1,0
data\MER_taffc_as_wav\Q3\MT0007610380.wav,Q3,0,0
data\MER_taffc_as_wav\Q3\MT0007652281.wav,Q3,0,1
data\MER_taffc_as_wav\Q3\MT0007728545.wav,Q3,0,0
data\MER_taffc_as_wav\Q3\MT0007860263.wav,Q3,0,1
data\MER_taffc_as_wav\Q3\MT0007914044.wav,Q3,0,0
data\MER_taffc_as_wav\Q3\MT0008007368.wav,Q3,0,0
data\MER_taffc_as_wav\Q3\MT0008018703.wav,Q3,0,0
data\MER_taffc_as_wav\Q3\MT0008077089.wav,Q3,0,0
data\MER_taffc_as_wav\Q3\MT0008170600.wav,Q3,0,1
data\MER_taffc_as_wav\Q3\MT0008399774.wav,Q3,1,0
data\MER_taffc_as_wav\Q3\MT0008493270.wav,Q3,1,0
data\MER_taffc_as_wav\Q3\MT0008716237.wav,Q3,0,0
data\MER_taffc_as_wav\Q3\MT0008718991.wav,Q3,0,0
data\MER_taffc_as_wav\Q3\MT0008841966.wav,Q3,0,0
data\MER_taffc_as_wav\Q3\MT0008979040.wav,Q3,0,0
data\MER_taffc_as_wav\Q3\MT0008999898.wav,Q3,0,0
data\MER_taffc_as_wav\Q3\MT0009169626.wav,Q3,0,0
data\MER_taffc_as_wav\Q3\MT0009182700.wav,Q3,0,0
data\MER_taffc_as_wav\Q3\MT0009220462.wav,Q3,0,0
data\MER_taffc_as_wav\Q3\MT0009368615.wav,Q3,0,0
data\MER_taffc_as_wav\Q3\MT0009385684.wav,Q3,0,0
data\MER_taffc_as_wav\Q3\MT0009437817.wav,Q3,0,0
data\MER_taffc_as_wav\Q3\MT0009521580.wav,Q3,0,0
data\MER_taffc_as_wav\Q3\MT0009619048.wav,Q3,0,0
data\MER_taffc_as_wav\Q3\MT0009628869.wav,Q3,0,0
data\MER_taffc_as_wav\Q3\MT0009693151.wav,Q3,0,0
data\MER_taffc_as_wav\Q3\MT0009996318.wav,Q3,1,0
data\MER_taffc_as_wav\Q3\MT0010375510.wav,Q3,0,0
data\MER_taffc_as_wav\Q3\MT0010468178.wav,Q3,0,0
data\MER_taffc_as_wav\Q3\MT0010585105.wav,Q3,1,0
data\MER_taffc_as_wav\Q3\MT0010739708.wav,Q3,0,0
data\MER_taffc_as_wav\Q3\MT0010804974.wav,Q3,0,0
data\MER_taffc_as_wav\Q3\MT0010850805.wav,Q3,0,0
data\MER_taffc_as_wav\Q3\MT0011032905.wav,Q3,0,0
data\MER_taffc_as_wav\Q3\MT0011066228.wav,Q3,0,0
data\MER_taffc_as_wav\Q3\MT0011095825.wav,Q3,0,1
data\MER_taffc_as_wav\Q3\MT0011158114.wav,Q3,0,0
data\MER_taffc_as_wav\Q3\MT0011230792.wav,Q3,0,0
data\MER_taffc_as_wav\Q3\MT0011308097.wav,Q3,0,0
data\MER_taffc_as_wav\Q3\MT0011391187.wav,Q3,0,0
data\MER_taffc_as_wav\Q3\MT0011398970.wav,Q3,0,0
data\MER_taffc_as_wav\Q3\MT0011440705.wav,Q3,0,0
data\MER_taffc_as_wav\Q3\MT0011594970.wav,Q3,0,1
data\MER_taffc_as_wav\Q3\MT0011612883.wav,Q3,0,0
data\MER_taffc_as_wav\Q3\MT0011667212.wav,Q3,1,0
data\MER_taffc_as_wav\Q3\MT0011836290.wav,Q3,1,0
data\MER_taffc_as_wav\Q3\MT0011894681.wav,Q3,0,0
data\MER_taffc_as_wav\Q3\MT0011899302.wav,Q3,0,0
data\MER_taffc_as_wav\Q3\MT0011969592.wav,Q3,0,1
data\MER_taffc_as_wav\Q3\MT0012020062.wav,Q3,0,0
data\MER_taffc_as_wav\Q3\MT0012292188.wav,Q3,0,0
data\MER_taffc_as_wav\Q3\MT0012317309.wav,Q3,0,0
data\MER_taffc_as_wav\Q3\MT0012634038.wav,Q3,0,0
data\MER_taffc_as_wav\Q3\MT0012675695.wav,Q3,0,1
data\MER_taffc_as_wav\Q3\MT0013044535.wav,Q3,1,0
data\MER_taffc_as_wav\Q3\MT0013080259.wav,Q3,0,0
data\MER_taffc_as_wav\Q3\MT0013161246.wav,Q3,0,0
data\MER_taffc_as_wav\Q3\MT0013166908.wav,Q3,0,1
data\MER_taffc_as_wav\Q3\MT0013173557.wav,Q3,1,0
data\MER_taffc_as_wav\Q3\MT0013219857.wav,Q3,0,0
data\MER_taffc_as_wav\Q3\MT0013416300.wav,Q3,0,0
data\MER_taffc_as_wav\Q3\MT0014046859.wav,Q3,0,0
data\MER_taffc_as_wav\Q3\MT0014050974.wav,Q3,0,0
data\MER_taffc_as_wav\Q3\MT0014118699.wav,Q3,1,0
data\MER_taffc_as_wav\Q3\MT0014192212.wav,Q3,0,0
data\MER_taffc_as_wav\Q3\MT0014584473.wav,Q3,1,0
data\MER_taffc_as_wav\Q3\MT0014665667.wav,Q3,0,0
data\MER_taffc_as_wav\Q3\MT0014737299.wav,Q3,1,0
data\MER_taffc_as_wav\Q3\MT0014794891.wav,Q3,0,0
data\MER_taffc_as_wav\Q3\MT0014804830.wav,Q3,1,0
data\MER_taffc_as_wav\Q3\MT0015004289.wav,Q3,1,0
data\MER_taffc_as_wav\Q3\MT0015510419.wav,Q3,0,0
data\MER_taffc_as_wav\Q3\MT0015514030.wav,Q3,1,0
data\MER_taffc_as_wav\Q3\MT0015599764.wav,Q3,0,0
data\MER_taffc_as_wav\Q3\MT0015664499.wav,Q3,0,0
data\MER_taffc_as_wav\Q3\MT0015665796.wav,Q3,0,0
data\MER_taffc_as_wav\Q3\MT0015682649.wav,Q3,0,0
data\MER_taffc_as_wav\Q3\MT0015715008.wav,Q3,0,0
data\MER_taffc_as_wav\Q3\MT0026330298.wav,Q3,1,0
data\MER_taffc_as_wav\Q3\MT0026690204.wav,Q3,0,0
data\MER_taffc_as_wav\Q3\MT0026905937.wav,Q3,1,0
data\MER_taffc_as_wav\Q3\MT0028698324.wav,Q3,1,0
data\MER_taffc_as_wav\Q3\MT0028947009.wav,Q3,0,0
data\MER_taffc_as_wav\Q3\MT0029861029.wav,Q3,0,0
data\MER_taffc_as_wav\Q3\MT0029877658.wav,Q3,0,0
data\MER_taffc_as_wav\Q3\MT0030247926.wav,Q3,0,0
data\MER_taffc_as_wav\Q3\MT0030252676.wav,Q3,0,0
data\MER_taffc_as_wav\Q3\MT0030304982.wav,Q3,1,0
data\MER_taffc_as_wav\Q3\MT0030321464.wav,Q3,0,0
data\MER_taffc_as_wav\Q3\MT0030400613.wav,Q3,1,0
data\MER_taffc_as_wav\Q3\MT0030422114.wav,Q3,1,0
data\MER_taffc_as_wav\Q3\MT0031693432.wav,Q3,1,0
data\MER_taffc_as_wav\Q3\MT0031951901.wav,Q3,1,0
data\MER_taffc_as_wav\Q3\MT0033159895.wav,Q3,0,0
data\MER_taffc_as_wav\Q3\MT0033177286.wav,Q3,0,0
data\MER_taffc_as_wav\Q3\MT0033226848.wav,Q3,0,0
data\MER_taffc_as_wav\Q3\MT0033317646.wav,Q3,1,0
data\MER_taffc_as_wav\Q3\MT0033345959.wav,Q3,1,0
data\MER_taffc_as_wav\Q3\MT0034136847.wav,Q3,0,0
data\MER_taffc_as_wav\Q3\MT0034574251.wav,Q3,1,0
data\MER_taffc_as_wav\Q3\MT0034982187.wav,Q3,0,0
data\MER_taffc_as_wav\Q3\MT0035007057.wav,Q3,0,0
data\MER_taffc_as_wav\Q3\MT0035316286.wav,Q3,0,0
data\MER_taffc_as_wav\Q3\MT0040033011.wav,Q3,0,1
data\MER_taffc_as_wav\Q4\MT0000054705.wav,Q4,0,0
data\MER_taffc_as_wav\Q4\MT0000092267.wav,Q4,0,0
data\MER_taffc_as_wav\Q4\MT0000202045.wav,Q4,0,0
data\MER_taffc_as_wav\Q4\MT0000203193.wav,Q4,1,0
data\MER_taffc_as_wav\Q4\MT0000218346.wav,Q4,0,0
data\MER_taffc_as_wav\Q4\MT0000235880.wav,Q4,0,0
data\MER_taffc_as_wav\Q4\MT0000336135.wav,Q4,0,0
data\MER_taffc_as_wav\Q4\MT0000348553.wav,Q4,0,0
data\MER_taffc_as_wav\Q4\MT0000369789.wav,Q4,0,0
data\MER_taffc_as_wav\Q4\MT0000460427.wav,Q4,0,0
data\MER_taffc_as_wav\Q4\MT0000522789.wav,Q4,0,0
data\MER_taffc_as_wav\Q4\MT0000550961.wav,Q4,0,0
data\MER_taffc_as_wav\Q4\MT0000636335.wav,Q4,0,0
data\MER_taffc_as_wav\Q4\MT0000661847.wav,Q4,0,0
data\MER_taffc_as_wav\Q4\MT0000698081.wav,Q4,0,0
data\MER_taffc_as_wav\Q4\MT0000711493.wav,Q4,0,0
data\MER_taffc_as_wav\Q4\MT0000746822.wav,Q4,0,0
data\MER_taffc_as_wav\Q4\MT0000762097.wav,Q4,0,0
data\MER_taffc_as_wav\Q4\MT0000821772.wav,Q4,0,0
data\MER_taffc_as_wav\Q4\MT0000888329.wav,Q4,0,0
data\MER_taffc_as_wav\Q4\MT0000901959.wav,Q4,0,0
data\MER_taffc_as_wav\Q4\MT0000922312.wav,Q4,0,0
data\MER_taffc_as_wav\Q4\MT0000980148.wav,Q4,1,0
data\MER_taffc_as_wav\Q4\MT0001058887.wav,Q4,0,0
data\MER_taffc_as_wav\Q4\MT0001109401.wav,Q4,1,0
data\MER_taffc_as_wav\Q4\MT0001195535.wav,Q4,1,0
data\MER_taffc_as_wav\Q4\MT0001394087.wav,Q4,0,0
data\MER_taffc_as_wav\Q4\MT0001438043.wav,Q4,0,0
data\MER_taffc_as_wav\Q4\MT0001494812.wav,Q4,0,0
data\MER_taffc_as_wav\Q4\MT0001511433.wav,Q4,0,1
data\MER_taffc_as_wav\Q4\MT0001594582.wav,Q4,0,0
data\MER_taffc_as_wav\Q4\MT0001624303.wav,Q4,0,0
data\MER_taffc_as_wav\Q4\MT0001641228.wav,Q4,1,0
data\MER_taffc_as_wav\Q4\MT0001661022.wav,Q4,1,0
data\MER_taffc_as_wav\Q4\MT0001676671.wav,Q4,0,0
data\MER_taffc_as_wav\Q4\MT0001768550.wav,Q4,0,0
data\MER_taffc_as_wav\Q4\MT0001870847.wav,Q4,0,0
data\MER_taffc_as_wav\Q4\MT0001877603.wav,Q4,1,0
data\MER_taffc_as_wav\Q4\MT0001942272.wav,Q4,1,0
data\MER_taffc_as_wav\Q4\MT0001980613.wav,Q4,0,1
data\MER_taffc_as_wav\Q4\MT0002124238.wav,Q4,1,0
data\MER_taffc_as_wav\Q4\MT0002132088.wav,Q4,1,0
data\MER_taffc_as_wav\Q4\MT0002448379.wav,Q4,0,0
data\MER_taffc_as_wav\Q4\MT0002674708.wav,Q4,0,0
data\MER_taffc_as_wav\Q4\MT0002698827.wav,Q4,0,0
data\MER_taffc_as_wav\Q4\MT0002714805.wav,Q4,1,0
data\MER_taffc_as_wav\Q4\MT0002811975.wav,Q4,0,0
data\MER_taffc_as_wav\Q4\MT0002834532.wav,Q4,0,0
data\MER_taffc_as_wav\Q4\MT0002846256.wav,Q4,1,0
data\MER_taffc_as_wav\Q4\MT0003022328.wav,Q4,1,0
data\MER_taffc_as_wav\Q4\MT0003025046.wav,Q4,0,0
data\MER_taffc_as_wav\Q4\MT0003280103.wav,Q4,0,0
data\MER_taffc_as_wav\Q4\MT0003366948.wav,Q4,0,0
data\MER_taffc_as_wav\Q4\MT0003454112.wav,Q4,0,0
data\MER_taffc_as_wav\Q4\MT0003710207.wav,Q4,0,0
data\MER_taffc_as_wav\Q4\MT0003778826.wav,Q4,0,0
data\MER_taffc_as_wav\Q4\MT0003956612.wav,Q4,0,0
data\MER_taffc_as_wav\Q4\MT0004036096.wav,Q4,0,0
data\MER_taffc_as_wav\Q4\MT0004089549.wav,Q4,0,0
data\MER_taffc_as_wav\Q4\MT0004093767.wav,Q4,0,0
data\MER_taffc_as_wav\Q4\MT0004274911.wav,Q4,0,0
data\MER_taffc_as_wav\Q4\MT0004331116.wav,Q4,1,0
data\MER_taffc_as_wav\Q4\MT0004537445.wav,Q4,1,0
data\MER_taffc_as_wav\Q4\MT0004584067.wav,Q4,0,0
data\MER_taffc_as_wav\Q4\MT0004759106.wav,Q4,0,0
data\MER_taffc_as_wav\Q4\MT0004833310.wav,Q4,0,0
data\MER_taffc_as_wav\Q4\MT0004850690.wav,Q4,0,0
data\MER_taffc_as_wav\Q4\MT0004867564.wav,Q4,0,1
data\MER_taffc_as_wav\Q4\MT0004911454.wav,Q4,1,0
data\MER_taffc_as_wav\Q4\MT0005074629.wav,Q4,0,0
data\MER_taffc_as_wav\Q4\MT0005091539.wav,Q4,0,1
data\MER_taffc_as_wav\Q4\MT0005129157.wav,Q4,0,0
data\MER_taffc_as_wav\Q4\MT0005261375.wav,Q4,0,0
data\MER_taffc_as_wav\Q4\MT0005285696.wav,Q4,0,0
data\MER_taffc_as_wav\Q4\MT0005550441.wav,Q4,0,0
data\MER_taffc_as_wav\Q4\MT0005608787.wav,Q4,0,0
data\MER_taffc_as_wav\Q4\MT0005656534.wav,Q4,0,0
data\MER_taffc_as_wav\Q4\MT0005695311.wav,Q4,0,0
data\MER_taffc_as_wav\Q4\MT0005798527.wav,Q4,1,0
data\MER_taffc_as_wav\Q4\MT0005850999.wav,Q4,0,0
data\MER_taffc_as_wav\Q4\MT0005884980.wav,Q4,0,0
data\MER_taffc_as_wav\Q4\MT0005987148.wav,Q4,0,0
data\MER_taffc_as_wav\Q4\MT0006037085.wav,Q4,0,0
data\MER_taffc_as_wav\Q4\MT0006107326.wav,Q4,0,0
data\MER_taffc_as_wav\Q4\MT0006117018.wav,Q4,0,0
data\MER_taffc_as_wav\Q4\MT0006164654.wav,Q4,0,0
data\MER_taffc_as_wav\Q4\MT0006254062.wav,Q4,0,0
data\MER_taffc_as_wav\Q4\MT0006352493.wav,Q4,0,0
data\MER_taffc_as_wav\Q4\MT0006769480.wav,Q4,0,0
data\MER_taffc_as_wav\Q4\MT0006955716.wav,Q4,0,0
data\MER_taffc_as_wav\Q4\MT0006983241.wav,Q4,1,0
data\MER_taffc_as_wav\Q4\MT0007039041.wav,Q4,0,0
data\MER_taffc_as_wav\Q4\MT0007053424.wav,Q4,0,0
data\MER_taffc_as_wav\Q4\MT0007064420.wav,Q4,0,0
data\MER_taffc_as_wav\Q4\MT0007087238.wav,Q4,0,0
data\MER_taffc_as_wav\Q4\MT0007107079.wav,Q4,0,1
data\MER_taffc_as_wav\Q4\MT0007119529.wav,Q4,0,0
data\MER_taffc_as_wav\Q4\MT0007186714.wav,Q4,0,0
data\MER_taffc_as_wav\Q4\MT0007207968.wav,Q4,0,0
data\MER_taffc_as_wav\Q4\MT0007232134.wav,Q4,1,0
data\MER_taffc_as_wav\Q4\MT0007342701.wav,Q4,0,0
data\MER_taffc_as_wav\Q4\MT0007453719.wav,Q4,0,0
data\MER_taffc_as_wav\Q4\MT0007556029.wav,Q4,0,0
data\MER_taffc_as_wav\Q4\MT0007766156.wav,Q4,0,1
data\MER_taffc_as_wav\Q4\MT0007833171.wav,Q4,1,0
data\MER_taffc_as_wav\Q4\MT0008167476.wav,Q4,0,0
data\MER_taffc_as_wav\Q4\MT0008342962.wav,Q4,0,0
data\MER_taffc_as_wav\Q4\MT0008665212.wav,Q4,0,0
data\MER_taffc_as_wav\Q4\MT0008686594.wav,Q4,0,0
data\MER_taffc_as_wav\Q4\MT0009075362.wav,Q4,0,0
data\MER_taffc_as_wav\Q4\MT0009185069.wav,Q4,1,0
data\MER_taffc_as_wav\Q4\MT0009289348.wav,Q4,0,0
data\MER_taffc_as_wav\Q4\MT0009741521.wav,Q4,0,0
data\MER_taffc_as_wav\Q4\MT0009769814.wav,Q4,0,0
data\MER_taffc_as_wav\Q4\MT0009991160.wav,Q4,0,0
data\MER_taffc_as_wav\Q4\MT0010203716.wav,Q4,0,1
data\MER_taffc_as_wav\Q4\MT0010485603.wav,Q4,0,0
data\MER_taffc_as_wav\Q4\MT0010665248.wav,Q4,1,0
data\MER_taffc_as_wav\Q4\MT0010707508.wav,Q4,0,1
data\MER_taffc_as_wav\Q4\MT0010758927.wav,Q4,0,0
data\MER_taffc_as_wav\Q4\MT0010810859.wav,Q4,0,0
data\MER_taffc_as_wav\Q4\MT0010818060.wav,Q4,1,0
data\MER_taffc_as_wav\Q4\MT0010842738.wav,Q4,0,0
data\MER_taffc_as_wav\Q4\MT0010855214.wav,Q4,0,0
data\MER_taffc_as_wav\Q4\MT0010965655.wav,Q4,0,0
data\MER_taffc_as_wav\Q4\MT0010979481.wav,Q4,0,0
data\MER_taffc_as_wav\Q4\MT0010984486.wav,Q4,0,0
data\MER_taffc_as_wav\Q4\MT0010998105.wav,Q4,1,0
data\MER_taffc_as_wav\Q4\MT0011051663.wav,Q4,0,0
data\MER_taffc_as_wav\Q4\MT0011250965.wav,Q4,0,0
data\MER_taffc_as_wav\Q4\MT0011376343.wav,Q4,0,0
data\MER_taffc_as_wav\Q4\MT0011380622.wav,Q4,0,1
data\MER_taffc_as_wav\Q4\MT0011702301.wav,Q4,0,0
data\MER_taffc_as_wav\Q4\MT0011862487.wav,Q4,0,0
data\MER_taffc_as_wav\Q4\MT0011886148.wav,Q4,1,0
data\MER_taffc_as_wav\Q4\MT0011895175.wav,Q4,0,1
data\MER_taffc_as_wav\Q4\MT0011906602.wav,Q4,0,0
data\MER_taffc_as_wav\Q4\MT0011922080.wav,Q4,0,0
data\MER_taffc_as_wav\Q4\MT0011922905.wav,Q4,0,0
data\MER_taffc_as_wav\Q4\MT0011938737.wav,Q4,1,0
data\MER_taffc_as_wav\Q4\MT0012027536.wav,Q4,0,0
data\MER_taffc_as_wav\Q4\MT0012112600.wav,Q4,0,0
data\MER_taffc_as_wav\Q4\MT0012151268.wav,Q4,0,0
data\MER_taffc_as_wav\Q4\MT0012222183.wav,Q4,0,0
data\MER_taffc_as_wav\Q4\MT0012333553.wav,Q4,0,0
data\MER_taffc_as_wav\Q4\MT0012383717.wav,Q4,0,0
data\MER_taffc_as_wav\Q4\MT0012766840.wav,Q4,0,0
data\MER_taffc_as_wav\Q4\MT0012794033.wav,Q4,0,1
data\MER_taffc_as_wav\Q4\MT0012862507.wav,Q4,0,0
data\MER_taffc_as_wav\Q4\MT0012888230.wav,Q4,0,0
data\MER_taffc_as_wav\Q4\MT0012893353.wav,Q4,1,0
data\MER_taffc_as_wav\Q4\MT0012941049.wav,Q4,1,0
data\MER_taffc_as_wav\Q4\MT0013095380.wav,Q4,0,0
data\MER_taffc_as_wav\Q4\MT0013176970.wav,Q4,0,0
data\MER_taffc_as_wav\Q4\MT0013177702.wav,Q4,0,0
data\MER_taffc_as_wav\Q4\MT0013280170.wav,Q4,0,0
data\MER_taffc_as_wav\Q4\MT0013411556.wav,Q4,0,0
data\MER_taffc_as_wav\Q4\MT0013486354.wav,Q4,0,0
data\MER_taffc_as_wav\Q4\MT0013673733.wav,Q4,1,0
data\MER_taffc_as_wav\Q4\MT0013676763.wav,Q4,0,0
data\MER_taffc_as_wav\Q4\MT0013955066.wav,Q4,0,0
data\MER_taffc_as_wav\Q4\MT0014134790.wav,Q4,1,0
data\MER_taffc_as_wav\Q4\MT0014475915.wav,Q4,0,0
data\MER_taffc_as_wav\Q4\MT0014489361.wav,Q4,0,0
data\MER_taffc_as_wav\Q4\MT0014507179.wav,Q4,0,0
data\MER_taffc_as_wav\Q4\MT0014584319.wav,Q4,0,0
data\MER_taffc_as_wav\Q4\MT0015026293.wav,Q4,0,0
data\MER_taffc_as_wav\Q4\MT0015653546.wav,Q4,0,0
data\MER_taffc_as_wav\Q4\MT0015659520.wav,Q4,1,0
data\MER_taffc_as_wav\Q4\MT0015706588.wav,Q4,0,0
data\MER_taffc_as_wav\Q4\MT0015849191.wav,Q4,0,0
data\MER_taffc_as_wav\Q4\MT0016887233.wav,Q4,0,0
data\MER_taffc_as_wav\Q4\MT0016897938.wav,Q4,1,0
data\MER_taffc_as_wav\Q4\MT0016932218.wav,Q4,0,0
data\MER_taffc_as_wav\Q4\MT0017667847.wav,Q4,1,0
data\MER_taffc_as_wav\Q4\MT0017672677.wav,Q4,1,0
data\MER_taffc_as_wav\Q4\MT0026608644.wav,Q4,0,1
data\MER_taffc_as_wav\Q4\MT0026776967.wav,Q4,0,1
data\MER_taffc_as_wav\Q4\MT0026919017.wav,Q4,0,0
data\MER_taffc_as_wav\Q4\MT0027100467.wav,Q4,0,1
data\MER_taffc_as_wav\Q4\MT0027835071.wav,Q4,0,0
data\MER_taffc_as_wav\Q4\MT0027976714.wav,Q4,0,0
data\MER_taffc_as_wav\Q4\MT0028066739.wav,Q4,0,0
data\MER_taffc_as_wav\Q4\MT0028335228.wav,Q4,0,0
data\MER_taffc_as_wav\Q4\MT0028374210.wav,Q4,0,1
data\MER_taffc_as_wav\Q4\MT0028550964.wav,Q4,0,0
data\MER_taffc_as_wav\Q4\MT0028596249.wav,Q4,0,0
data\MER_taffc_as_wav\Q4\MT0028709149.wav,Q4,1,0
data\MER_taffc_as_wav\Q4\MT0028813196.wav,Q4,0,1
data\MER_taffc_as_wav\Q4\MT0029080694.wav,Q4,1,0
data\MER_taffc_as_wav\Q4\MT0029553110.wav,Q4,0,0
data\MER_taffc_as_wav\Q4\MT0029976595.wav,Q4,1,0
data\MER_taffc_as_wav\Q4\MT0030007733.wav,Q4,0,0
data\MER_taffc_as_wav\Q4\MT0030036616.wav,Q4,0,0
data\MER_taffc_as_wav\Q4\MT0030097602.wav,Q4,1,0
data\MER_taffc_as_wav\Q4\MT0030282917.wav,Q4,0,0
data\MER_taffc_as_wav\Q4\MT0030286920.wav,Q4,1,0
data\MER_taffc_as_wav\Q4\MT0030319227.wav,Q4,1,0
data\MER_taffc_as_wav\Q4\MT0030369896.wav,Q4,1,0
data\MER_taffc_as_wav\Q4\MT0030442334.wav,Q4,0,1
data\MER_taffc_as_wav\Q4\MT0030481897.wav,Q4,0,0
data\MER_taffc_as_wav\Q4\MT0030494794.wav,Q4,1,0
data\MER_taffc_as_wav\Q4\MT0030495725.wav,Q4,0,0
data\MER_taffc_as_wav\Q4\MT0031495046.wav,Q4,0,0
data\MER_taffc_as_wav\Q4\MT0031807708.wav,Q4,0,0
data\MER_taffc_as_wav\Q4\MT0031826774.wav,Q4,0,1
data\MER_taffc_as_wav\Q4\MT0031827474.wav,Q4,0,0
data\MER_taffc_as_wav\Q4\MT0031886830.wav,Q4,1,0
data\MER_taffc_as_wav\Q4\MT0031898123.wav,Q4,0,0
data\MER_taffc_as_wav\Q4\MT0032698237.wav,Q4,0,0
data\MER_taffc_as_wav\Q4\MT0033326377.wav,Q4,0,0
data\MER_taffc_as_wav\Q4\MT0033391280.wav,Q4,0,0
data\MER_taffc_as_wav\Q4\MT0033410438.wav,Q4,0,0
data\MER_taffc_as_wav\Q4\MT0033461826.wav,Q4,0,0
data\MER_taffc_as_wav\Q4\MT0034005433.wav,Q4,1,0
data\MER_taffc_as_wav\Q4\MT0034015731.wav,Q4,0,0
data\MER_taffc_as_wav\Q4\MT0034106363.wav,Q4,0,0
data\MER_taffc_as_wav\Q4\MT0034148562.wav,Q4,0,0
data\MER_taffc_as_wav\Q4\MT0034160981.wav,Q4,0,0
data\MER_taffc_as_wav\Q4\MT0034186195.wav,Q4,0,0
data\MER_taffc_as_wav\Q4\MT0034186620.wav,Q4,0,0
data\MER_taffc_as_wav\Q4\MT0034203861.wav,Q4,0,0
data\MER_taffc_as_wav\Q4\MT0034212119.wav,Q4,0,0
data\MER_taffc_as_wav\Q4\MT0034577404.wav,Q4,0,0
data\MER_taffc_as_wav\Q4\MT0035000258.wav,Q4,1,0
